PublishedDate,IndicatorType,Indicator,Tags,Source,ArticleTitle,ArticleURL,EvidenceTypes
2026/07/08,URL,hxxps://steamcommunity[.]com/profiles/76561198706525776,"Malware, Phishing",AhnLab,フィッシングメールを通じて拡散されている Vidar インフォスティーラー (https://asec.ahnlab.com/jp/94380/),https://asec.ahnlab.com/jp/94380/,article_body
2026/07/08,URL,hxxps://steamcommunity[.]com/profiles/76561198703616215,"Malware, Phishing",AhnLab,フィッシングメールを通じて拡散されている Vidar インフォスティーラー (https://asec.ahnlab.com/jp/94380/),https://asec.ahnlab.com/jp/94380/,article_body
2026/07/08,URL,hxxps://steamcommunity[.]com/profiles/76561198698223785,"Malware, Phishing",AhnLab,フィッシングメールを通じて拡散されている Vidar インフォスティーラー (https://asec.ahnlab.com/jp/94380/),https://asec.ahnlab.com/jp/94380/,article_body
2026/07/08,URL,hxxps://steamcommunity[.]com/profiles/76561198694626397,"Malware, Phishing",AhnLab,フィッシングメールを通じて拡散されている Vidar インフォスティーラー (https://asec.ahnlab.com/jp/94380/),https://asec.ahnlab.com/jp/94380/,article_body
2026/07/08,IPv4,107[.]189[.]24[.]190,"Malware, Phishing",AhnLab,フィッシングメールを通じて拡散されている Vidar インフォスティーラー (https://asec.ahnlab.com/jp/94380/),https://asec.ahnlab.com/jp/94380/,article_body
2026/07/08,Domain,zerotrust[.]cyber[.]gov,"Exposure Management, Threat Intel, Supply Chain, Cloud, Identity, ICS/OT, AI Security, Network, Detection, Operational Technology",Tenable,OMB M-26-14: Why federal agencies must fix asset visibility first (https://www.tenable.com/blog/omb-m-26-14-asset-visibility-logging-maturity-model-compliance),https://www.tenable.com/blog/omb-m-26-14-asset-visibility-logging-maturity-model-compliance,linked_ioc_page
2026/07/08,Domain,lat[.]sodstreams[.]com,"Malware, Phishing",AhnLab,フィッシングメールを通じて拡散されている Vidar インフォスティーラー (https://asec.ahnlab.com/jp/94380/),https://asec.ahnlab.com/jp/94380/,article_body
2026/07/08,Domain,karmabelow80[.]org,"Threat Intel, Ransomware, Data Breach, Zero-Day, Identity",Flare Threat Intelligence,Monitoring Cyberattacks Directly Linked to the US-Israel-Iran Military Conflict (https://flare.io/learn/resources/blog/cyberattacks-us-israel-iran-military-conflict),https://flare.io/learn/resources/blog/cyberattacks-us-israel-iran-military-conflict,article_body
2026/07/08,Domain,justicehomeland[.]org,"Threat Intel, Ransomware, Data Breach, Zero-Day, Identity",Flare Threat Intelligence,Monitoring Cyberattacks Directly Linked to the US-Israel-Iran Military Conflict (https://flare.io/learn/resources/blog/cyberattacks-us-israel-iran-military-conflict),https://flare.io/learn/resources/blog/cyberattacks-us-israel-iran-military-conflict,article_body
2026/07/08,Domain,gre[.]syslicense[.]net,"Malware, Phishing",AhnLab,フィッシングメールを通じて拡散されている Vidar インフォスティーラー (https://asec.ahnlab.com/jp/94380/),https://asec.ahnlab.com/jp/94380/,article_body
2026/07/08,Domain,gor[.]emiraride[.]com,"Malware, Phishing",AhnLab,フィッシングメールを通じて拡散されている Vidar インフォスティーラー (https://asec.ahnlab.com/jp/94380/),https://asec.ahnlab.com/jp/94380/,article_body
2026/07/08,Domain,frr[.]ambil-disini[.]web[.]id,"Malware, Phishing",AhnLab,フィッシングメールを通じて拡散されている Vidar インフォスティーラー (https://asec.ahnlab.com/jp/94380/),https://asec.ahnlab.com/jp/94380/,article_body
2026/07/08,Domain,ctl[.]it-bd[.]com,"Malware, Phishing",AhnLab,フィッシングメールを通じて拡散されている Vidar インフォスティーラー (https://asec.ahnlab.com/jp/94380/),https://asec.ahnlab.com/jp/94380/,article_body
2026/07/07,URL,hxxps://www[.]tendacn[.]com/download/,"Vulnerability, Exploit, Patch, Malware, Network",US CERT Vulnerability Notes,VU#213560: Tenda firmware (multiple versions) contains hidden authentication backdoor (https://kb.cert.org/vuls/id/213560),https://kb.cert.org/vuls/id/213560,article_body
2026/07/07,URL,hxxps://www[.]cisa[.]gov/audiences/high-risk-communities/projectupskill/module5,"Vulnerability, Exploit, Patch, Malware, Network",US CERT Vulnerability Notes,VU#213560: Tenda firmware (multiple versions) contains hidden authentication backdoor (https://kb.cert.org/vuls/id/213560),https://kb.cert.org/vuls/id/213560,article_body
2026/07/07,URL,hxxps://media[.]defense[.]gov/2023/Feb/22/2003165170/-1/-1/0/CSI_BEST_PRACTICES_FOR_SECURING_YOUR_HOME_NETWORK[.]PDF,"Vulnerability, Exploit, Patch, Malware, Network",US CERT Vulnerability Notes,VU#213560: Tenda firmware (multiple versions) contains hidden authentication backdoor (https://kb.cert.org/vuls/id/213560),https://kb.cert.org/vuls/id/213560,article_body
2026/07/07,IPv4,95[.]182[.]100[.]231,"Malware, Threat Actor, Network, Incident Response, Cisco",Talos,UAT-7810 continues building ORB networks using new malware (https://blog.talosintelligence.com/uat-7810/),https://blog.talosintelligence.com/uat-7810/,article_body
2026/07/07,IPv4,217[.]15[.]164[.]147,"Malware, Threat Actor, Network, Incident Response, Cisco",Talos,UAT-7810 continues building ORB networks using new malware (https://blog.talosintelligence.com/uat-7810/),https://blog.talosintelligence.com/uat-7810/,article_body
2026/07/07,IPv4,217[.]15[.]160[.]247,"Malware, Threat Actor, Network, Incident Response, Cisco",Talos,UAT-7810 continues building ORB networks using new malware (https://blog.talosintelligence.com/uat-7810/),https://blog.talosintelligence.com/uat-7810/,article_body
2026/07/07,IPv4,198[.]245[.]53[.]26,"Malware, Threat Intel",ANY.RUN,Banana RAT Evolves: Comparing Two Recent Branches Through ANY.RUN (https://any.run/cybersecurity-blog/banana-rat-evolution-analysis/),https://any.run/cybersecurity-blog/banana-rat-evolution-analysis/,"feed_summary, article_body"
2026/07/07,IPv4,194[.]233[.]92[.]26,"Malware, Threat Actor, Network, Incident Response, Cisco",Talos,UAT-7810 continues building ORB networks using new malware (https://blog.talosintelligence.com/uat-7810/),https://blog.talosintelligence.com/uat-7810/,article_body
2026/07/07,IPv4,172[.]67[.]142[.]55,"Malware, Threat Intel",ANY.RUN,Banana RAT Evolves: Comparing Two Recent Branches Through ANY.RUN (https://any.run/cybersecurity-blog/banana-rat-evolution-analysis/),https://any.run/cybersecurity-blog/banana-rat-evolution-analysis/,article_body
2026/07/07,IPv4,149[.]56[.]12[.]51,"Malware, Threat Intel",ANY.RUN,Banana RAT Evolves: Comparing Two Recent Branches Through ANY.RUN (https://any.run/cybersecurity-blog/banana-rat-evolution-analysis/),https://any.run/cybersecurity-blog/banana-rat-evolution-analysis/,article_body
2026/07/07,IPv4,104[.]21[.]39[.]21,"Malware, Threat Intel",ANY.RUN,Banana RAT Evolves: Comparing Two Recent Branches Through ANY.RUN (https://any.run/cybersecurity-blog/banana-rat-evolution-analysis/),https://any.run/cybersecurity-blog/banana-rat-evolution-analysis/,article_body
2026/07/07,Domain,testewin[.]com,"Malware, Threat Intel",ANY.RUN,Banana RAT Evolves: Comparing Two Recent Branches Through ANY.RUN (https://any.run/cybersecurity-blog/banana-rat-evolution-analysis/),https://any.run/cybersecurity-blog/banana-rat-evolution-analysis/,article_body
2026/07/07,Domain,cisco[.]com,"Malware, Threat Actor, Network, Incident Response, Cisco",Talos,UAT-7810 continues building ORB networks using new malware (https://blog.talosintelligence.com/uat-7810/),https://blog.talosintelligence.com/uat-7810/,article_body
2026/07/07,Domain,cdn[.]testewin[.]com,"Malware, Threat Intel",ANY.RUN,Banana RAT Evolves: Comparing Two Recent Branches Through ANY.RUN (https://any.run/cybersecurity-blog/banana-rat-evolution-analysis/),https://any.run/cybersecurity-blog/banana-rat-evolution-analysis/,article_body
2026/07/07,Domain,c[.]windowns-cdn[.]com,"Malware, Threat Intel",ANY.RUN,Banana RAT Evolves: Comparing Two Recent Branches Through ANY.RUN (https://any.run/cybersecurity-blog/banana-rat-evolution-analysis/),https://any.run/cybersecurity-blog/banana-rat-evolution-analysis/,article_body
2026/07/07,Domain,52facc3b24f8bad9c5c56819e385f3a1[.]testewin[.]com,"Malware, Threat Intel",ANY.RUN,Banana RAT Evolves: Comparing Two Recent Branches Through ANY.RUN (https://any.run/cybersecurity-blog/banana-rat-evolution-analysis/),https://any.run/cybersecurity-blog/banana-rat-evolution-analysis/,article_body
2026/07/06,Domain,xenoexecutor[.]in,"Security, Detection, Threat Intel, Malware, Data Breach",Splunk Security,Bundled to Steal: The Salat Stealer Campaign | Splunk (https://www.splunk.com/en_us/blog/security/bundled-to-steal-salat-stealer-campaign.html),https://www.splunk.com/en_us/blog/security/bundled-to-steal-salat-stealer-campaign.html,article_body
2026/07/03,URL,hxxps://grked[.]online/tunnel/create/?username=,"APT, Malware, Phishing, AI Security, Endpoint, Threat Actor, Microsoft",Securelist,Armored Likho digging a snake pit: inside the covert BusySnake Stealer campaign (https://securelist.com/tr/armored-likho-apt-with-busysnake-stealer/120292/),https://securelist.com/tr/armored-likho-apt-with-busysnake-stealer/120292/,article_body
2026/07/03,URL,hxxp://grked[.]online:8000/tunnel/create/?username=,"APT, Malware, Phishing, AI Security, Endpoint, Threat Actor, Microsoft",Securelist,Armored Likho digging a snake pit: inside the covert BusySnake Stealer campaign (https://securelist.com/tr/armored-likho-apt-with-busysnake-stealer/120292/),https://securelist.com/tr/armored-likho-apt-with-busysnake-stealer/120292/,article_body
2026/07/03,IPv4,94[.]156[.]64[.]241,"Threat Intel, Vulnerability, Exploit, AI Security, Cryptocurrency, CVE-2026-33017",Trend Micro,AIツール「Langflow」を暗号資産「Monero」のマイニングに悪用する攻撃活動：脆弱性「CVE-2026-33017」に付け入る手口 (https://www.trendmicro.com/ja_jp/research/26/g/from-langflow-to-monero-inside-cve-2026-33017-cryptominer.html),https://www.trendmicro.com/ja_jp/research/26/g/from-langflow-to-monero-inside-cve-2026-33017-cryptominer.html,"article_body, linked_ioc_page"
2026/07/03,IPv4,83[.]142[.]209[.]214,"Threat Intel, Vulnerability, Exploit, AI Security, Cryptocurrency, CVE-2026-33017",Trend Micro,AIツール「Langflow」を暗号資産「Monero」のマイニングに悪用する攻撃活動：脆弱性「CVE-2026-33017」に付け入る手口 (https://www.trendmicro.com/ja_jp/research/26/g/from-langflow-to-monero-inside-cve-2026-33017-cryptominer.html),https://www.trendmicro.com/ja_jp/research/26/g/from-langflow-to-monero-inside-cve-2026-33017-cryptominer.html,"article_body, linked_ioc_page"
2026/07/03,IPv4,69[.]67[.]173[.]153,"APT, Malware, Phishing, AI Security, Endpoint, Threat Actor, Microsoft",Securelist,Armored Likho digging a snake pit: inside the covert BusySnake Stealer campaign (https://securelist.com/tr/armored-likho-apt-with-busysnake-stealer/120292/),https://securelist.com/tr/armored-likho-apt-with-busysnake-stealer/120292/,article_body
2026/07/03,IPv4,34[.]117[.]59[.]81,"Threat Intel, Vulnerability, Exploit, AI Security, Cryptocurrency, CVE-2026-33017",Trend Micro,AIツール「Langflow」を暗号資産「Monero」のマイニングに悪用する攻撃活動：脆弱性「CVE-2026-33017」に付け入る手口 (https://www.trendmicro.com/ja_jp/research/26/g/from-langflow-to-monero-inside-cve-2026-33017-cryptominer.html),https://www.trendmicro.com/ja_jp/research/26/g/from-langflow-to-monero-inside-cve-2026-33017-cryptominer.html,linked_ioc_page
2026/07/03,IPv4,159[.]198[.]75[.]219,"APT, Malware, Phishing, AI Security, Endpoint, Threat Actor, Microsoft",Securelist,Armored Likho digging a snake pit: inside the covert BusySnake Stealer campaign (https://securelist.com/tr/armored-likho-apt-with-busysnake-stealer/120292/),https://securelist.com/tr/armored-likho-apt-with-busysnake-stealer/120292/,article_body
2026/07/03,IPv4,159[.]198[.]41[.]140,"APT, Malware, Phishing, AI Security, Endpoint, Threat Actor, Microsoft",Securelist,Armored Likho digging a snake pit: inside the covert BusySnake Stealer campaign (https://securelist.com/tr/armored-likho-apt-with-busysnake-stealer/120292/),https://securelist.com/tr/armored-likho-apt-with-busysnake-stealer/120292/,article_body
2026/07/03,IPv4,159[.]198[.]32[.]222,"APT, Malware, Phishing, AI Security, Endpoint, Threat Actor, Microsoft",Securelist,Armored Likho digging a snake pit: inside the covert BusySnake Stealer campaign (https://securelist.com/tr/armored-likho-apt-with-busysnake-stealer/120292/),https://securelist.com/tr/armored-likho-apt-with-busysnake-stealer/120292/,article_body
2026/07/03,IPv4,143[.]0[.]0[.]0,"APT, Malware, Phishing, AI Security, Endpoint, Threat Actor, Microsoft",Securelist,Armored Likho digging a snake pit: inside the covert BusySnake Stealer campaign (https://securelist.com/tr/armored-likho-apt-with-busysnake-stealer/120292/),https://securelist.com/tr/armored-likho-apt-with-busysnake-stealer/120292/,article_body
2026/07/03,Domain,winupdate[.]live,"APT, Malware, Phishing, AI Security, Endpoint, Threat Actor, Microsoft",Securelist,Armored Likho digging a snake pit: inside the covert BusySnake Stealer campaign (https://securelist.com/tr/armored-likho-apt-with-busysnake-stealer/120292/),https://securelist.com/tr/armored-likho-apt-with-busysnake-stealer/120292/,article_body
2026/07/03,Domain,visual-media-rights-group[.]org,"Threat Intel, Phishing, Threat Actor, Supply Chain, AI Security, Cryptocurrency, Application Security",Zscaler,Indirect Prompt Injection in Web Content Targets AI Agents (https://www.zscaler.com/blogs/security-research/indirect-prompt-injection-web-content-targets-ai-agents),https://www.zscaler.com/blogs/security-research/indirect-prompt-injection-web-content-targets-ai-agents,article_body
2026/07/03,Domain,vast[.]ai,"Threat Intel, Zero-Day, Ransomware, Fortinet",Dark Reading,"FortiBleed Actors Collaborating With Inc, Lynx Ransomware Gangs (https://www.darkreading.com/threat-intelligence/fortibleed-actors-inc-lynx-ransomware-gangs)",https://www.darkreading.com/threat-intelligence/fortibleed-actors-inc-lynx-ransomware-gangs,linked_ioc_page
2026/07/03,Domain,varenie[.]live,"APT, Malware, Phishing, AI Security, Endpoint, Threat Actor, Microsoft",Securelist,Armored Likho digging a snake pit: inside the covert BusySnake Stealer campaign (https://securelist.com/tr/armored-likho-apt-with-busysnake-stealer/120292/),https://securelist.com/tr/armored-likho-apt-with-busysnake-stealer/120292/,article_body
2026/07/03,Domain,sdk[.]netnut[.]io,"Threat Intel, Malware",Krebs on Security,"FBI Seizes NetNut Proxy Platform, Popa Botnet (https://krebsonsecurity.com/2026/07/fbi-seizes-netnut-proxy-platform-popa-botnet/)",https://krebsonsecurity.com/2026/07/fbi-seizes-netnut-proxy-platform-popa-botnet/,linked_ioc_page
2026/07/03,Domain,runners-daily-blog[.]com,"Threat Intel, Phishing, Threat Actor, Supply Chain, AI Security, Cryptocurrency, Application Security",Zscaler,Indirect Prompt Injection in Web Content Targets AI Agents (https://www.zscaler.com/blogs/security-research/indirect-prompt-injection-web-content-targets-ai-agents),https://www.zscaler.com/blogs/security-research/indirect-prompt-injection-web-content-targets-ai-agents,article_body
2026/07/03,Domain,py-lib-repository[.]dev,"Threat Intel, Phishing, Threat Actor, Supply Chain, AI Security, Cryptocurrency, Application Security",Zscaler,Indirect Prompt Injection in Web Content Targets AI Agents (https://www.zscaler.com/blogs/security-research/indirect-prompt-injection-web-content-targets-ai-agents),https://www.zscaler.com/blogs/security-research/indirect-prompt-injection-web-content-targets-ai-agents,article_body
2026/07/03,Domain,permits[.]global-transit-authority[.]org,"Threat Intel, Phishing, Threat Actor, Supply Chain, AI Security, Cryptocurrency, Application Security",Zscaler,Indirect Prompt Injection in Web Content Targets AI Agents (https://www.zscaler.com/blogs/security-research/indirect-prompt-injection-web-content-targets-ai-agents),https://www.zscaler.com/blogs/security-research/indirect-prompt-injection-web-content-targets-ai-agents,article_body
2026/07/03,Domain,ninjatech[.]io,"Threat Intel, Malware, Vulnerability, APT, Cloud, DDoS, Mobile, Network, Threat Actor, Android","Krebs on Security, Google Cloud Threat Intelligence","FBI Seizes NetNut Proxy Platform, Popa Botnet (https://krebsonsecurity.com/2026/07/fbi-seizes-netnut-proxy-platform-popa-botnet/) | Google’s Continued Disruption of Malicious Residential Proxy Networks (https://cloud.google.com/blog/topics/threat-intelligence/google-continued-disruption-residential-proxy-networks/)",https://krebsonsecurity.com/2026/07/fbi-seizes-netnut-proxy-platform-popa-botnet/ | https://cloud.google.com/blog/topics/threat-intelligence/google-continued-disruption-residential-proxy-networks/,linked_ioc_page
2026/07/03,Domain,nice-protect[.]com,"Threat Intel, Malware, Vulnerability, APT, Cloud, DDoS, Mobile, Network, Threat Actor, Android","Krebs on Security, Google Cloud Threat Intelligence","FBI Seizes NetNut Proxy Platform, Popa Botnet (https://krebsonsecurity.com/2026/07/fbi-seizes-netnut-proxy-platform-popa-botnet/) | Google’s Continued Disruption of Malicious Residential Proxy Networks (https://cloud.google.com/blog/topics/threat-intelligence/google-continued-disruption-residential-proxy-networks/)",https://krebsonsecurity.com/2026/07/fbi-seizes-netnut-proxy-platform-popa-botnet/ | https://cloud.google.com/blog/topics/threat-intelligence/google-continued-disruption-residential-proxy-networks/,linked_ioc_page
2026/07/03,Domain,netnut[.]io,"Threat Intel, Malware",Krebs on Security,"FBI Seizes NetNut Proxy Platform, Popa Botnet (https://krebsonsecurity.com/2026/07/fbi-seizes-netnut-proxy-platform-popa-botnet/)",https://krebsonsecurity.com/2026/07/fbi-seizes-netnut-proxy-platform-popa-botnet/,linked_ioc_page
2026/07/03,Domain,myboard[.]twilightparadox[.]com,"APT, Malware, Phishing, AI Security, Endpoint, Threat Actor, Microsoft",Securelist,Armored Likho digging a snake pit: inside the covert BusySnake Stealer campaign (https://securelist.com/tr/armored-likho-apt-with-busysnake-stealer/120292/),https://securelist.com/tr/armored-likho-apt-with-busysnake-stealer/120292/,article_body
2026/07/03,Domain,myboard[.]chickenkiller[.]com,"APT, Malware, Phishing, AI Security, Endpoint, Threat Actor, Microsoft",Securelist,Armored Likho digging a snake pit: inside the covert BusySnake Stealer campaign (https://securelist.com/tr/armored-likho-apt-with-busysnake-stealer/120292/),https://securelist.com/tr/armored-likho-apt-with-busysnake-stealer/120292/,article_body
2026/07/03,Domain,market-insight-global[.]com,"Threat Intel, Phishing, Threat Actor, Supply Chain, AI Security, Cryptocurrency, Application Security",Zscaler,Indirect Prompt Injection in Web Content Targets AI Agents (https://www.zscaler.com/blogs/security-research/indirect-prompt-injection-web-content-targets-ai-agents),https://www.zscaler.com/blogs/security-research/indirect-prompt-injection-web-content-targets-ai-agents,article_body
2026/07/03,Domain,lvl99[.]store,"APT, Malware, Phishing, AI Security, Endpoint, Threat Actor, Microsoft",Securelist,Armored Likho digging a snake pit: inside the covert BusySnake Stealer campaign (https://securelist.com/tr/armored-likho-apt-with-busysnake-stealer/120292/),https://securelist.com/tr/armored-likho-apt-with-busysnake-stealer/120292/,article_body
2026/07/03,Domain,lb[.]gmslb[.]net,"Threat Intel, Malware, Vulnerability, APT, Cloud, DDoS, Mobile, Network, Threat Actor, Android","Krebs on Security, Google Cloud Threat Intelligence","FBI Seizes NetNut Proxy Platform, Popa Botnet (https://krebsonsecurity.com/2026/07/fbi-seizes-netnut-proxy-platform-popa-botnet/) | Google’s Continued Disruption of Malicious Residential Proxy Networks (https://cloud.google.com/blog/topics/threat-intelligence/google-continued-disruption-residential-proxy-networks/)",https://krebsonsecurity.com/2026/07/fbi-seizes-netnut-proxy-platform-popa-botnet/ | https://cloud.google.com/blog/topics/threat-intelligence/google-continued-disruption-residential-proxy-networks/,linked_ioc_page
2026/07/03,Domain,ipinfo[.]io,"Threat Intel, Vulnerability, Exploit, AI Security, Cryptocurrency, CVE-2026-33017",Trend Micro,AIツール「Langflow」を暗号資産「Monero」のマイニングに悪用する攻撃活動：脆弱性「CVE-2026-33017」に付け入る手口 (https://www.trendmicro.com/ja_jp/research/26/g/from-langflow-to-monero-inside-cve-2026-33017-cryptominer.html),https://www.trendmicro.com/ja_jp/research/26/g/from-langflow-to-monero-inside-cve-2026-33017-cryptominer.html,"article_body, linked_ioc_page"
2026/07/03,Domain,ipinfo[.]info,"Threat Intel, Vulnerability, Exploit, AI Security, Cryptocurrency, CVE-2026-33017",Trend Micro,AIツール「Langflow」を暗号資産「Monero」のマイニングに悪用する攻撃活動：脆弱性「CVE-2026-33017」に付け入る手口 (https://www.trendmicro.com/ja_jp/research/26/g/from-langflow-to-monero-inside-cve-2026-33017-cryptominer.html),https://www.trendmicro.com/ja_jp/research/26/g/from-langflow-to-monero-inside-cve-2026-33017-cryptominer.html,article_body
2026/07/03,Domain,identity-breach-response[.]org,"Threat Intel, Phishing, Threat Actor, Supply Chain, AI Security, Cryptocurrency, Application Security",Zscaler,Indirect Prompt Injection in Web Content Targets AI Agents (https://www.zscaler.com/blogs/security-research/indirect-prompt-injection-web-content-targets-ai-agents),https://www.zscaler.com/blogs/security-research/indirect-prompt-injection-web-content-targets-ai-agents,article_body
2026/07/03,Domain,gw[.]netnut[.]net,"Threat Intel, Malware",Krebs on Security,"FBI Seizes NetNut Proxy Platform, Popa Botnet (https://krebsonsecurity.com/2026/07/fbi-seizes-netnut-proxy-platform-popa-botnet/)",https://krebsonsecurity.com/2026/07/fbi-seizes-netnut-proxy-platform-popa-botnet/,linked_ioc_page
2026/07/03,Domain,edge-compliance-node[.]org,"Threat Intel, Phishing, Threat Actor, Supply Chain, AI Security, Cryptocurrency, Application Security",Zscaler,Indirect Prompt Injection in Web Content Targets AI Agents (https://www.zscaler.com/blogs/security-research/indirect-prompt-injection-web-content-targets-ai-agents),https://www.zscaler.com/blogs/security-research/indirect-prompt-injection-web-content-targets-ai-agents,article_body
2026/07/03,Domain,digital-asset-mart[.]org,"Threat Intel, Phishing, Threat Actor, Supply Chain, AI Security, Cryptocurrency, Application Security",Zscaler,Indirect Prompt Injection in Web Content Targets AI Agents (https://www.zscaler.com/blogs/security-research/indirect-prompt-injection-web-content-targets-ai-agents),https://www.zscaler.com/blogs/security-research/indirect-prompt-injection-web-content-targets-ai-agents,article_body
2026/07/03,Domain,debank[.]com,"Threat Intel, Phishing, Threat Actor, Supply Chain, AI Security, Cryptocurrency, Application Security",Zscaler,Indirect Prompt Injection in Web Content Targets AI Agents (https://www.zscaler.com/blogs/security-research/indirect-prompt-injection-web-content-targets-ai-agents),https://www.zscaler.com/blogs/security-research/indirect-prompt-injection-web-content-targets-ai-agents,article_body
2026/07/03,Domain,cyberprotector[.]online,"Threat Intel, Malware",Krebs on Security,"FBI Seizes NetNut Proxy Platform, Popa Botnet (https://krebsonsecurity.com/2026/07/fbi-seizes-netnut-proxy-platform-popa-botnet/)",https://krebsonsecurity.com/2026/07/fbi-seizes-netnut-proxy-platform-popa-botnet/,linked_ioc_page
2026/07/03,Domain,consensus-protocol-v4[.]org,"Threat Intel, Phishing, Threat Actor, Supply Chain, AI Security, Cryptocurrency, Application Security",Zscaler,Indirect Prompt Injection in Web Content Targets AI Agents (https://www.zscaler.com/blogs/security-research/indirect-prompt-injection-web-content-targets-ai-agents),https://www.zscaler.com/blogs/security-research/indirect-prompt-injection-web-content-targets-ai-agents,article_body
2026/07/03,Domain,bistro-reserve-now[.]net,"Threat Intel, Phishing, Threat Actor, Supply Chain, AI Security, Cryptocurrency, Application Security",Zscaler,Indirect Prompt Injection in Web Content Targets AI Agents (https://www.zscaler.com/blogs/security-research/indirect-prompt-injection-web-content-targets-ai-agents),https://www.zscaler.com/blogs/security-research/indirect-prompt-injection-web-content-targets-ai-agents,article_body
2026/07/03,Domain,arvax[.]xyz,"APT, Malware, Phishing, AI Security, Endpoint, Threat Actor, Microsoft",Securelist,Armored Likho digging a snake pit: inside the covert BusySnake Stealer campaign (https://securelist.com/tr/armored-likho-apt-with-busysnake-stealer/120292/),https://securelist.com/tr/armored-likho-apt-with-busysnake-stealer/120292/,article_body
2026/07/03,Domain,archive[.]org,"Threat Intel, Malware",Krebs on Security,"FBI Seizes NetNut Proxy Platform, Popa Botnet (https://krebsonsecurity.com/2026/07/fbi-seizes-netnut-proxy-platform-popa-botnet/)",https://krebsonsecurity.com/2026/07/fbi-seizes-netnut-proxy-platform-popa-botnet/,linked_ioc_page
2026/07/02,IPv4,91[.]134[.]98[.]229,"Threat Intel, Vulnerability, Malware, APT, Cloud, DDoS, Mobile, Network, Threat Actor, Android",Google Cloud Threat Intelligence,Google’s Continued Disruption of Malicious Residential Proxy Networks (https://cloud.google.com/blog/topics/threat-intelligence/google-continued-disruption-residential-proxy-networks/),https://cloud.google.com/blog/topics/threat-intelligence/google-continued-disruption-residential-proxy-networks/,linked_ioc_page
2026/07/02,IPv4,91[.]134[.]98[.]159,"Threat Intel, Vulnerability, Malware, APT, Cloud, DDoS, Mobile, Network, Threat Actor, Android",Google Cloud Threat Intelligence,Google’s Continued Disruption of Malicious Residential Proxy Networks (https://cloud.google.com/blog/topics/threat-intelligence/google-continued-disruption-residential-proxy-networks/),https://cloud.google.com/blog/topics/threat-intelligence/google-continued-disruption-residential-proxy-networks/,linked_ioc_page
2026/07/02,IPv4,91[.]134[.]11[.]137,"Threat Intel, Vulnerability, Malware, APT, Cloud, DDoS, Mobile, Network, Threat Actor, Android",Google Cloud Threat Intelligence,Google’s Continued Disruption of Malicious Residential Proxy Networks (https://cloud.google.com/blog/topics/threat-intelligence/google-continued-disruption-residential-proxy-networks/),https://cloud.google.com/blog/topics/threat-intelligence/google-continued-disruption-residential-proxy-networks/,linked_ioc_page
2026/07/02,IPv4,83[.]168[.]110[.]191,"Threat Intel, Vulnerability, Malware, APT, Cloud, DDoS, Mobile, Network, Threat Actor, Android",Google Cloud Threat Intelligence,Google’s Continued Disruption of Malicious Residential Proxy Networks (https://cloud.google.com/blog/topics/threat-intelligence/google-continued-disruption-residential-proxy-networks/),https://cloud.google.com/blog/topics/threat-intelligence/google-continued-disruption-residential-proxy-networks/,linked_ioc_page
2026/07/02,IPv4,51[.]77[.]236[.]134,"Threat Intel, Vulnerability, Malware, APT, Cloud, DDoS, Mobile, Network, Threat Actor, Android",Google Cloud Threat Intelligence,Google’s Continued Disruption of Malicious Residential Proxy Networks (https://cloud.google.com/blog/topics/threat-intelligence/google-continued-disruption-residential-proxy-networks/),https://cloud.google.com/blog/topics/threat-intelligence/google-continued-disruption-residential-proxy-networks/,linked_ioc_page
2026/07/02,IPv4,51[.]75[.]62[.]214,"Threat Intel, Vulnerability, Malware, APT, Cloud, DDoS, Mobile, Network, Threat Actor, Android",Google Cloud Threat Intelligence,Google’s Continued Disruption of Malicious Residential Proxy Networks (https://cloud.google.com/blog/topics/threat-intelligence/google-continued-disruption-residential-proxy-networks/),https://cloud.google.com/blog/topics/threat-intelligence/google-continued-disruption-residential-proxy-networks/,linked_ioc_page
2026/07/02,IPv4,51[.]75[.]169[.]155,"Threat Intel, Vulnerability, Malware, APT, Cloud, DDoS, Mobile, Network, Threat Actor, Android",Google Cloud Threat Intelligence,Google’s Continued Disruption of Malicious Residential Proxy Networks (https://cloud.google.com/blog/topics/threat-intelligence/google-continued-disruption-residential-proxy-networks/),https://cloud.google.com/blog/topics/threat-intelligence/google-continued-disruption-residential-proxy-networks/,linked_ioc_page
2026/07/02,IPv4,51[.]75[.]169[.]138,"Threat Intel, Vulnerability, Malware, APT, Cloud, DDoS, Mobile, Network, Threat Actor, Android",Google Cloud Threat Intelligence,Google’s Continued Disruption of Malicious Residential Proxy Networks (https://cloud.google.com/blog/topics/threat-intelligence/google-continued-disruption-residential-proxy-networks/),https://cloud.google.com/blog/topics/threat-intelligence/google-continued-disruption-residential-proxy-networks/,linked_ioc_page
2026/07/02,IPv4,51[.]38[.]222[.]163,"Threat Intel, Vulnerability, Malware, APT, Cloud, DDoS, Mobile, Network, Threat Actor, Android",Google Cloud Threat Intelligence,Google’s Continued Disruption of Malicious Residential Proxy Networks (https://cloud.google.com/blog/topics/threat-intelligence/google-continued-disruption-residential-proxy-networks/),https://cloud.google.com/blog/topics/threat-intelligence/google-continued-disruption-residential-proxy-networks/,linked_ioc_page
2026/07/02,IPv4,51[.]178[.]118[.]130,"Threat Intel, Vulnerability, Malware, APT, Cloud, DDoS, Mobile, Network, Threat Actor, Android",Google Cloud Threat Intelligence,Google’s Continued Disruption of Malicious Residential Proxy Networks (https://cloud.google.com/blog/topics/threat-intelligence/google-continued-disruption-residential-proxy-networks/),https://cloud.google.com/blog/topics/threat-intelligence/google-continued-disruption-residential-proxy-networks/,linked_ioc_page
2026/07/02,IPv4,38[.]114[.]120[.]39,"Threat Intel, Vulnerability, Malware, APT, Cloud, DDoS, Mobile, Network, Threat Actor, Android",Google Cloud Threat Intelligence,Google’s Continued Disruption of Malicious Residential Proxy Networks (https://cloud.google.com/blog/topics/threat-intelligence/google-continued-disruption-residential-proxy-networks/),https://cloud.google.com/blog/topics/threat-intelligence/google-continued-disruption-residential-proxy-networks/,linked_ioc_page
2026/07/02,IPv4,195[.]178[.]110[.]204,"Threat Intel, Vulnerability, Malware, APT, Cloud, DDoS, Mobile, Network, Threat Actor, Android",Google Cloud Threat Intelligence,Google’s Continued Disruption of Malicious Residential Proxy Networks (https://cloud.google.com/blog/topics/threat-intelligence/google-continued-disruption-residential-proxy-networks/),https://cloud.google.com/blog/topics/threat-intelligence/google-continued-disruption-residential-proxy-networks/,linked_ioc_page
2026/07/02,IPv4,186[.]190[.]215[.]121,"Threat Intel, Vulnerability, Malware, APT, Cloud, DDoS, Mobile, Network, Threat Actor, Android",Google Cloud Threat Intelligence,Google’s Continued Disruption of Malicious Residential Proxy Networks (https://cloud.google.com/blog/topics/threat-intelligence/google-continued-disruption-residential-proxy-networks/),https://cloud.google.com/blog/topics/threat-intelligence/google-continued-disruption-residential-proxy-networks/,linked_ioc_page
2026/07/02,IPv4,172[.]99[.]188[.]236,"Threat Intel, Vulnerability, Malware, APT, Cloud, DDoS, Mobile, Network, Threat Actor, Android",Google Cloud Threat Intelligence,Google’s Continued Disruption of Malicious Residential Proxy Networks (https://cloud.google.com/blog/topics/threat-intelligence/google-continued-disruption-residential-proxy-networks/),https://cloud.google.com/blog/topics/threat-intelligence/google-continued-disruption-residential-proxy-networks/,linked_ioc_page
2026/07/02,IPv4,162[.]19[.]239[.]144,"Threat Intel, Vulnerability, Malware, APT, Cloud, DDoS, Mobile, Network, Threat Actor, Android",Google Cloud Threat Intelligence,Google’s Continued Disruption of Malicious Residential Proxy Networks (https://cloud.google.com/blog/topics/threat-intelligence/google-continued-disruption-residential-proxy-networks/),https://cloud.google.com/blog/topics/threat-intelligence/google-continued-disruption-residential-proxy-networks/,linked_ioc_page
2026/07/02,IPv4,162[.]19[.]237[.]9,"Threat Intel, Vulnerability, Malware, APT, Cloud, DDoS, Mobile, Network, Threat Actor, Android",Google Cloud Threat Intelligence,Google’s Continued Disruption of Malicious Residential Proxy Networks (https://cloud.google.com/blog/topics/threat-intelligence/google-continued-disruption-residential-proxy-networks/),https://cloud.google.com/blog/topics/threat-intelligence/google-continued-disruption-residential-proxy-networks/,linked_ioc_page
2026/07/02,IPv4,145[.]239[.]29[.]238,"Threat Intel, Vulnerability, Malware, APT, Cloud, DDoS, Mobile, Network, Threat Actor, Android",Google Cloud Threat Intelligence,Google’s Continued Disruption of Malicious Residential Proxy Networks (https://cloud.google.com/blog/topics/threat-intelligence/google-continued-disruption-residential-proxy-networks/),https://cloud.google.com/blog/topics/threat-intelligence/google-continued-disruption-residential-proxy-networks/,linked_ioc_page
2026/07/02,IPv4,117[.]55[.]203[.]189,"Threat Intel, Vulnerability, Malware, APT, Cloud, DDoS, Mobile, Network, Threat Actor, Android",Google Cloud Threat Intelligence,Google’s Continued Disruption of Malicious Residential Proxy Networks (https://cloud.google.com/blog/topics/threat-intelligence/google-continued-disruption-residential-proxy-networks/),https://cloud.google.com/blog/topics/threat-intelligence/google-continued-disruption-residential-proxy-networks/,linked_ioc_page
2026/07/02,Domain,zync-stream[.]com,"Threat Intel, Vulnerability, Malware, APT, Cloud, DDoS, Mobile, Network, Threat Actor, Android",Google Cloud Threat Intelligence,Google’s Continued Disruption of Malicious Residential Proxy Networks (https://cloud.google.com/blog/topics/threat-intelligence/google-continued-disruption-residential-proxy-networks/),https://cloud.google.com/blog/topics/threat-intelligence/google-continued-disruption-residential-proxy-networks/,linked_ioc_page
2026/07/02,Domain,zen-tava[.]com,"Threat Intel, Vulnerability, Malware, APT, Cloud, DDoS, Mobile, Network, Threat Actor, Android",Google Cloud Threat Intelligence,Google’s Continued Disruption of Malicious Residential Proxy Networks (https://cloud.google.com/blog/topics/threat-intelligence/google-continued-disruption-residential-proxy-networks/),https://cloud.google.com/blog/topics/threat-intelligence/google-continued-disruption-residential-proxy-networks/,linked_ioc_page
2026/07/02,Domain,yoursfind[.]com,"Threat Intel, Vulnerability, Malware, APT, Cloud, DDoS, Mobile, Network, Threat Actor, Android",Google Cloud Threat Intelligence,Google’s Continued Disruption of Malicious Residential Proxy Networks (https://cloud.google.com/blog/topics/threat-intelligence/google-continued-disruption-residential-proxy-networks/),https://cloud.google.com/blog/topics/threat-intelligence/google-continued-disruption-residential-proxy-networks/,linked_ioc_page
2026/07/02,Domain,world2trust[.]com,"Threat Intel, Vulnerability, Malware, APT, Cloud, DDoS, Mobile, Network, Threat Actor, Android",Google Cloud Threat Intelligence,Google’s Continued Disruption of Malicious Residential Proxy Networks (https://cloud.google.com/blog/topics/threat-intelligence/google-continued-disruption-residential-proxy-networks/),https://cloud.google.com/blog/topics/threat-intelligence/google-continued-disruption-residential-proxy-networks/,linked_ioc_page
2026/07/02,Domain,worker-net[.]com,"Threat Intel, Vulnerability, Malware, APT, Cloud, DDoS, Mobile, Network, Threat Actor, Android",Google Cloud Threat Intelligence,Google’s Continued Disruption of Malicious Residential Proxy Networks (https://cloud.google.com/blog/topics/threat-intelligence/google-continued-disruption-residential-proxy-networks/),https://cloud.google.com/blog/topics/threat-intelligence/google-continued-disruption-residential-proxy-networks/,linked_ioc_page
2026/07/02,Domain,vpn[.]uk1[.]vpns[.]robovpn[.]com,"Threat Intel, Vulnerability, Malware, APT, Cloud, DDoS, Mobile, Network, Threat Actor, Android",Google Cloud Threat Intelligence,Google’s Continued Disruption of Malicious Residential Proxy Networks (https://cloud.google.com/blog/topics/threat-intelligence/google-continued-disruption-residential-proxy-networks/),https://cloud.google.com/blog/topics/threat-intelligence/google-continued-disruption-residential-proxy-networks/,linked_ioc_page
2026/07/02,Domain,viki-play[.]com,"Threat Intel, Vulnerability, Malware, APT, Cloud, DDoS, Mobile, Network, Threat Actor, Android",Google Cloud Threat Intelligence,Google’s Continued Disruption of Malicious Residential Proxy Networks (https://cloud.google.com/blog/topics/threat-intelligence/google-continued-disruption-residential-proxy-networks/),https://cloud.google.com/blog/topics/threat-intelligence/google-continued-disruption-residential-proxy-networks/,linked_ioc_page
2026/07/02,Domain,tera-home[.]com,"Threat Intel, Vulnerability, Malware, APT, Cloud, DDoS, Mobile, Network, Threat Actor, Android",Google Cloud Threat Intelligence,Google’s Continued Disruption of Malicious Residential Proxy Networks (https://cloud.google.com/blog/topics/threat-intelligence/google-continued-disruption-residential-proxy-networks/),https://cloud.google.com/blog/topics/threat-intelligence/google-continued-disruption-residential-proxy-networks/,linked_ioc_page
2026/07/02,Domain,synthient[.]com,"Threat Intel, Vulnerability, Malware, APT, Cloud, DDoS, Mobile, Network, Threat Actor, Android",Google Cloud Threat Intelligence,Google’s Continued Disruption of Malicious Residential Proxy Networks (https://cloud.google.com/blog/topics/threat-intelligence/google-continued-disruption-residential-proxy-networks/),https://cloud.google.com/blog/topics/threat-intelligence/google-continued-disruption-residential-proxy-networks/,linked_ioc_page
2026/07/02,Domain,swift-zip[.]com,"Threat Intel, Vulnerability, Malware, APT, Cloud, DDoS, Mobile, Network, Threat Actor, Android",Google Cloud Threat Intelligence,Google’s Continued Disruption of Malicious Residential Proxy Networks (https://cloud.google.com/blog/topics/threat-intelligence/google-continued-disruption-residential-proxy-networks/),https://cloud.google.com/blog/topics/threat-intelligence/google-continued-disruption-residential-proxy-networks/,linked_ioc_page
2026/07/02,Domain,star-layer[.]com,"Threat Intel, Vulnerability, Malware, APT, Cloud, DDoS, Mobile, Network, Threat Actor, Android",Google Cloud Threat Intelligence,Google’s Continued Disruption of Malicious Residential Proxy Networks (https://cloud.google.com/blog/topics/threat-intelligence/google-continued-disruption-residential-proxy-networks/),https://cloud.google.com/blog/topics/threat-intelligence/google-continued-disruption-residential-proxy-networks/,linked_ioc_page
2026/07/02,Domain,spur[.]us,"Threat Intel, Vulnerability, Malware, APT, Cloud, DDoS, Mobile, Network, Threat Actor, Android",Google Cloud Threat Intelligence,Google’s Continued Disruption of Malicious Residential Proxy Networks (https://cloud.google.com/blog/topics/threat-intelligence/google-continued-disruption-residential-proxy-networks/),https://cloud.google.com/blog/topics/threat-intelligence/google-continued-disruption-residential-proxy-networks/,linked_ioc_page
2026/07/02,Domain,sn[.]viki-play[.]com,"Threat Intel, Vulnerability, Malware, APT, Cloud, DDoS, Mobile, Network, Threat Actor, Android",Google Cloud Threat Intelligence,Google’s Continued Disruption of Malicious Residential Proxy Networks (https://cloud.google.com/blog/topics/threat-intelligence/google-continued-disruption-residential-proxy-networks/),https://cloud.google.com/blog/topics/threat-intelligence/google-continued-disruption-residential-proxy-networks/,linked_ioc_page
2026/07/02,Domain,sn[.]star-layer[.]com,"Threat Intel, Vulnerability, Malware, APT, Cloud, DDoS, Mobile, Network, Threat Actor, Android",Google Cloud Threat Intelligence,Google’s Continued Disruption of Malicious Residential Proxy Networks (https://cloud.google.com/blog/topics/threat-intelligence/google-continued-disruption-residential-proxy-networks/),https://cloud.google.com/blog/topics/threat-intelligence/google-continued-disruption-residential-proxy-networks/,linked_ioc_page
2026/07/02,Domain,sn[.]gmslb[.]net,"Threat Intel, Vulnerability, Malware, APT, Cloud, DDoS, Mobile, Network, Threat Actor, Android",Google Cloud Threat Intelligence,Google’s Continued Disruption of Malicious Residential Proxy Networks (https://cloud.google.com/blog/topics/threat-intelligence/google-continued-disruption-residential-proxy-networks/),https://cloud.google.com/blog/topics/threat-intelligence/google-continued-disruption-residential-proxy-networks/,linked_ioc_page
2026/07/02,Domain,sky-borders[.]com,"Threat Intel, Vulnerability, Malware, APT, Cloud, DDoS, Mobile, Network, Threat Actor, Android",Google Cloud Threat Intelligence,Google’s Continued Disruption of Malicious Residential Proxy Networks (https://cloud.google.com/blog/topics/threat-intelligence/google-continued-disruption-residential-proxy-networks/),https://cloud.google.com/blog/topics/threat-intelligence/google-continued-disruption-residential-proxy-networks/,linked_ioc_page
2026/07/02,Domain,sklstech[.]com,"Threat Intel, Vulnerability, Malware, APT, Cloud, DDoS, Mobile, Network, Threat Actor, Android",Google Cloud Threat Intelligence,Google’s Continued Disruption of Malicious Residential Proxy Networks (https://cloud.google.com/blog/topics/threat-intelligence/google-continued-disruption-residential-proxy-networks/),https://cloud.google.com/blog/topics/threat-intelligence/google-continued-disruption-residential-proxy-networks/,linked_ioc_page
2026/07/02,Domain,shield-sky[.]com,"Threat Intel, Vulnerability, Malware, APT, Cloud, DDoS, Mobile, Network, Threat Actor, Android",Google Cloud Threat Intelligence,Google’s Continued Disruption of Malicious Residential Proxy Networks (https://cloud.google.com/blog/topics/threat-intelligence/google-continued-disruption-residential-proxy-networks/),https://cloud.google.com/blog/topics/threat-intelligence/google-continued-disruption-residential-proxy-networks/,linked_ioc_page
2026/07/02,Domain,sdkmob[.]org,"Threat Intel, Vulnerability, Malware, APT, Cloud, DDoS, Mobile, Network, Threat Actor, Android",Google Cloud Threat Intelligence,Google’s Continued Disruption of Malicious Residential Proxy Networks (https://cloud.google.com/blog/topics/threat-intelligence/google-continued-disruption-residential-proxy-networks/),https://cloud.google.com/blog/topics/threat-intelligence/google-continued-disruption-residential-proxy-networks/,linked_ioc_page
2026/07/02,Domain,safernetwork[.]io,"Threat Intel, Vulnerability, Malware, APT, Cloud, DDoS, Mobile, Network, Threat Actor, Android",Google Cloud Threat Intelligence,Google’s Continued Disruption of Malicious Residential Proxy Networks (https://cloud.google.com/blog/topics/threat-intelligence/google-continued-disruption-residential-proxy-networks/),https://cloud.google.com/blog/topics/threat-intelligence/google-continued-disruption-residential-proxy-networks/,linked_ioc_page
2026/07/02,Domain,s999999[.]viki-play[.]com,"Threat Intel, Vulnerability, Malware, APT, Cloud, DDoS, Mobile, Network, Threat Actor, Android",Google Cloud Threat Intelligence,Google’s Continued Disruption of Malicious Residential Proxy Networks (https://cloud.google.com/blog/topics/threat-intelligence/google-continued-disruption-residential-proxy-networks/),https://cloud.google.com/blog/topics/threat-intelligence/google-continued-disruption-residential-proxy-networks/,linked_ioc_page
2026/07/02,Domain,s269[.]viki-play[.]com,"Threat Intel, Vulnerability, Malware, APT, Cloud, DDoS, Mobile, Network, Threat Actor, Android",Google Cloud Threat Intelligence,Google’s Continued Disruption of Malicious Residential Proxy Networks (https://cloud.google.com/blog/topics/threat-intelligence/google-continued-disruption-residential-proxy-networks/),https://cloud.google.com/blog/topics/threat-intelligence/google-continued-disruption-residential-proxy-networks/,linked_ioc_page
2026/07/02,Domain,s254[.]viki-play[.]com,"Threat Intel, Vulnerability, Malware, APT, Cloud, DDoS, Mobile, Network, Threat Actor, Android",Google Cloud Threat Intelligence,Google’s Continued Disruption of Malicious Residential Proxy Networks (https://cloud.google.com/blog/topics/threat-intelligence/google-continued-disruption-residential-proxy-networks/),https://cloud.google.com/blog/topics/threat-intelligence/google-continued-disruption-residential-proxy-networks/,linked_ioc_page
2026/07/02,Domain,s205[.]gmslb[.]net,"Threat Intel, Vulnerability, Malware, APT, Cloud, DDoS, Mobile, Network, Threat Actor, Android",Google Cloud Threat Intelligence,Google’s Continued Disruption of Malicious Residential Proxy Networks (https://cloud.google.com/blog/topics/threat-intelligence/google-continued-disruption-residential-proxy-networks/),https://cloud.google.com/blog/topics/threat-intelligence/google-continued-disruption-residential-proxy-networks/,linked_ioc_page
2026/07/02,Domain,s1852[.]viki-play[.]com,"Threat Intel, Vulnerability, Malware, APT, Cloud, DDoS, Mobile, Network, Threat Actor, Android",Google Cloud Threat Intelligence,Google’s Continued Disruption of Malicious Residential Proxy Networks (https://cloud.google.com/blog/topics/threat-intelligence/google-continued-disruption-residential-proxy-networks/),https://cloud.google.com/blog/topics/threat-intelligence/google-continued-disruption-residential-proxy-networks/,linked_ioc_page
2026/07/02,Domain,robovpn[.]com,"Threat Intel, Vulnerability, Malware, APT, Cloud, DDoS, Mobile, Network, Threat Actor, Android",Google Cloud Threat Intelligence,Google’s Continued Disruption of Malicious Residential Proxy Networks (https://cloud.google.com/blog/topics/threat-intelligence/google-continued-disruption-residential-proxy-networks/),https://cloud.google.com/blog/topics/threat-intelligence/google-continued-disruption-residential-proxy-networks/,linked_ioc_page
2026/07/02,Domain,robovpn-windows-default-rtdb[.]firebaseio[.]com,"Threat Intel, Vulnerability, Malware, APT, Cloud, DDoS, Mobile, Network, Threat Actor, Android",Google Cloud Threat Intelligence,Google’s Continued Disruption of Malicious Residential Proxy Networks (https://cloud.google.com/blog/topics/threat-intelligence/google-continued-disruption-residential-proxy-networks/),https://cloud.google.com/blog/topics/threat-intelligence/google-continued-disruption-residential-proxy-networks/,linked_ioc_page
2026/07/02,Domain,pulse-vol[.]com,"Threat Intel, Vulnerability, Malware, APT, Cloud, DDoS, Mobile, Network, Threat Actor, Android",Google Cloud Threat Intelligence,Google’s Continued Disruption of Malicious Residential Proxy Networks (https://cloud.google.com/blog/topics/threat-intelligence/google-continued-disruption-residential-proxy-networks/),https://cloud.google.com/blog/topics/threat-intelligence/google-continued-disruption-residential-proxy-networks/,linked_ioc_page
2026/07/02,Domain,pixellog[.]io,"Threat Intel, Vulnerability, Malware, APT, Cloud, DDoS, Mobile, Network, Threat Actor, Android",Google Cloud Threat Intelligence,Google’s Continued Disruption of Malicious Residential Proxy Networks (https://cloud.google.com/blog/topics/threat-intelligence/google-continued-disruption-residential-proxy-networks/),https://cloud.google.com/blog/topics/threat-intelligence/google-continued-disruption-residential-proxy-networks/,linked_ioc_page
2026/07/02,Domain,phonemesh[.]org,"Threat Intel, Vulnerability, Malware, APT, Cloud, DDoS, Mobile, Network, Threat Actor, Android",Google Cloud Threat Intelligence,Google’s Continued Disruption of Malicious Residential Proxy Networks (https://cloud.google.com/blog/topics/threat-intelligence/google-continued-disruption-residential-proxy-networks/),https://cloud.google.com/blog/topics/threat-intelligence/google-continued-disruption-residential-proxy-networks/,linked_ioc_page
2026/07/02,Domain,phonegrid[.]org,"Threat Intel, Vulnerability, Malware, APT, Cloud, DDoS, Mobile, Network, Threat Actor, Android",Google Cloud Threat Intelligence,Google’s Continued Disruption of Malicious Residential Proxy Networks (https://cloud.google.com/blog/topics/threat-intelligence/google-continued-disruption-residential-proxy-networks/),https://cloud.google.com/blog/topics/threat-intelligence/google-continued-disruption-residential-proxy-networks/,linked_ioc_page
2026/07/02,Domain,peercon[.]org,"Threat Intel, Vulnerability, Malware, APT, Cloud, DDoS, Mobile, Network, Threat Actor, Android",Google Cloud Threat Intelligence,Google’s Continued Disruption of Malicious Residential Proxy Networks (https://cloud.google.com/blog/topics/threat-intelligence/google-continued-disruption-residential-proxy-networks/),https://cloud.google.com/blog/topics/threat-intelligence/google-continued-disruption-residential-proxy-networks/,linked_ioc_page
2026/07/02,Domain,novel-layer[.]com,"Threat Intel, Vulnerability, Malware, APT, Cloud, DDoS, Mobile, Network, Threat Actor, Android",Google Cloud Threat Intelligence,Google’s Continued Disruption of Malicious Residential Proxy Networks (https://cloud.google.com/blog/topics/threat-intelligence/google-continued-disruption-residential-proxy-networks/),https://cloud.google.com/blog/topics/threat-intelligence/google-continued-disruption-residential-proxy-networks/,linked_ioc_page
2026/07/02,Domain,nova-lan[.]com,"Threat Intel, Vulnerability, Malware, APT, Cloud, DDoS, Mobile, Network, Threat Actor, Android",Google Cloud Threat Intelligence,Google’s Continued Disruption of Malicious Residential Proxy Networks (https://cloud.google.com/blog/topics/threat-intelligence/google-continued-disruption-residential-proxy-networks/),https://cloud.google.com/blog/topics/threat-intelligence/google-continued-disruption-residential-proxy-networks/,linked_ioc_page
2026/07/02,Domain,net-echo[.]com,"Threat Intel, Vulnerability, Malware, APT, Cloud, DDoS, Mobile, Network, Threat Actor, Android",Google Cloud Threat Intelligence,Google’s Continued Disruption of Malicious Residential Proxy Networks (https://cloud.google.com/blog/topics/threat-intelligence/google-continued-disruption-residential-proxy-networks/),https://cloud.google.com/blog/topics/threat-intelligence/google-continued-disruption-residential-proxy-networks/,linked_ioc_page
2026/07/02,Domain,litics-net[.]com,"Threat Intel, Vulnerability, Malware, APT, Cloud, DDoS, Mobile, Network, Threat Actor, Android",Google Cloud Threat Intelligence,Google’s Continued Disruption of Malicious Residential Proxy Networks (https://cloud.google.com/blog/topics/threat-intelligence/google-continued-disruption-residential-proxy-networks/),https://cloud.google.com/blog/topics/threat-intelligence/google-continued-disruption-residential-proxy-networks/,linked_ioc_page
2026/07/02,Domain,linkmob[.]org,"Threat Intel, Vulnerability, Malware, APT, Cloud, DDoS, Mobile, Network, Threat Actor, Android",Google Cloud Threat Intelligence,Google’s Continued Disruption of Malicious Residential Proxy Networks (https://cloud.google.com/blog/topics/threat-intelligence/google-continued-disruption-residential-proxy-networks/),https://cloud.google.com/blog/topics/threat-intelligence/google-continued-disruption-residential-proxy-networks/,linked_ioc_page
2026/07/02,Domain,link-flux[.]com,"Threat Intel, Vulnerability, Malware, APT, Cloud, DDoS, Mobile, Network, Threat Actor, Android",Google Cloud Threat Intelligence,Google’s Continued Disruption of Malicious Residential Proxy Networks (https://cloud.google.com/blog/topics/threat-intelligence/google-continued-disruption-residential-proxy-networks/),https://cloud.google.com/blog/topics/threat-intelligence/google-continued-disruption-residential-proxy-networks/,linked_ioc_page
2026/07/02,Domain,lbk-sol[.]com,"Threat Intel, Vulnerability, Malware, APT, Cloud, DDoS, Mobile, Network, Threat Actor, Android",Google Cloud Threat Intelligence,Google’s Continued Disruption of Malicious Residential Proxy Networks (https://cloud.google.com/blog/topics/threat-intelligence/google-continued-disruption-residential-proxy-networks/),https://cloud.google.com/blog/topics/threat-intelligence/google-continued-disruption-residential-proxy-networks/,linked_ioc_page
2026/07/02,Domain,kyc-holdings[.]com,"Threat Intel, Vulnerability, Malware, APT, Cloud, DDoS, Mobile, Network, Threat Actor, Android",Google Cloud Threat Intelligence,Google’s Continued Disruption of Malicious Residential Proxy Networks (https://cloud.google.com/blog/topics/threat-intelligence/google-continued-disruption-residential-proxy-networks/),https://cloud.google.com/blog/topics/threat-intelligence/google-continued-disruption-residential-proxy-networks/,linked_ioc_page
2026/07/02,Domain,house-spirit[.]com,"Threat Intel, Vulnerability, Malware, APT, Cloud, DDoS, Mobile, Network, Threat Actor, Android",Google Cloud Threat Intelligence,Google’s Continued Disruption of Malicious Residential Proxy Networks (https://cloud.google.com/blog/topics/threat-intelligence/google-continued-disruption-residential-proxy-networks/),https://cloud.google.com/blog/topics/threat-intelligence/google-continued-disruption-residential-proxy-networks/,linked_ioc_page
2026/07/02,Domain,grid-push[.]com,"Threat Intel, Vulnerability, Malware, APT, Cloud, DDoS, Mobile, Network, Threat Actor, Android",Google Cloud Threat Intelligence,Google’s Continued Disruption of Malicious Residential Proxy Networks (https://cloud.google.com/blog/topics/threat-intelligence/google-continued-disruption-residential-proxy-networks/),https://cloud.google.com/blog/topics/threat-intelligence/google-continued-disruption-residential-proxy-networks/,linked_ioc_page
2026/07/02,Domain,gmslb[.]net,"Threat Intel, Vulnerability, Malware, APT, Cloud, DDoS, Mobile, Network, Threat Actor, Android",Google Cloud Threat Intelligence,Google’s Continued Disruption of Malicious Residential Proxy Networks (https://cloud.google.com/blog/topics/threat-intelligence/google-continued-disruption-residential-proxy-networks/),https://cloud.google.com/blog/topics/threat-intelligence/google-continued-disruption-residential-proxy-networks/,linked_ioc_page
2026/07/02,Domain,ginuary[.]com,"Threat Intel, Vulnerability, Malware, APT, Cloud, DDoS, Mobile, Network, Threat Actor, Android",Google Cloud Threat Intelligence,Google’s Continued Disruption of Malicious Residential Proxy Networks (https://cloud.google.com/blog/topics/threat-intelligence/google-continued-disruption-residential-proxy-networks/),https://cloud.google.com/blog/topics/threat-intelligence/google-continued-disruption-residential-proxy-networks/,linked_ioc_page
2026/07/02,Domain,flexible-networks[.]com,"Threat Intel, Vulnerability, Malware, APT, Cloud, DDoS, Mobile, Network, Threat Actor, Android",Google Cloud Threat Intelligence,Google’s Continued Disruption of Malicious Residential Proxy Networks (https://cloud.google.com/blog/topics/threat-intelligence/google-continued-disruption-residential-proxy-networks/),https://cloud.google.com/blog/topics/threat-intelligence/google-continued-disruption-residential-proxy-networks/,linked_ioc_page
2026/07/02,Domain,fast-mob[.]com,"Threat Intel, Vulnerability, Malware, APT, Cloud, DDoS, Mobile, Network, Threat Actor, Android",Google Cloud Threat Intelligence,Google’s Continued Disruption of Malicious Residential Proxy Networks (https://cloud.google.com/blog/topics/threat-intelligence/google-continued-disruption-residential-proxy-networks/),https://cloud.google.com/blog/topics/threat-intelligence/google-continued-disruption-residential-proxy-networks/,linked_ioc_page
2026/07/02,Domain,f6s[.]com,"Threat Intel, Vulnerability, Malware, APT, Cloud, DDoS, Mobile, Network, Threat Actor, Android",Google Cloud Threat Intelligence,Google’s Continued Disruption of Malicious Residential Proxy Networks (https://cloud.google.com/blog/topics/threat-intelligence/google-continued-disruption-residential-proxy-networks/),https://cloud.google.com/blog/topics/threat-intelligence/google-continued-disruption-residential-proxy-networks/,linked_ioc_page
2026/07/02,Domain,earth2trust[.]com,"Threat Intel, Vulnerability, Malware, APT, Cloud, DDoS, Mobile, Network, Threat Actor, Android",Google Cloud Threat Intelligence,Google’s Continued Disruption of Malicious Residential Proxy Networks (https://cloud.google.com/blog/topics/threat-intelligence/google-continued-disruption-residential-proxy-networks/),https://cloud.google.com/blog/topics/threat-intelligence/google-continued-disruption-residential-proxy-networks/,linked_ioc_page
2026/07/02,Domain,download[.]robovpn[.]com,"Threat Intel, Vulnerability, Malware, APT, Cloud, DDoS, Mobile, Network, Threat Actor, Android",Google Cloud Threat Intelligence,Google’s Continued Disruption of Malicious Residential Proxy Networks (https://cloud.google.com/blog/topics/threat-intelligence/google-continued-disruption-residential-proxy-networks/),https://cloud.google.com/blog/topics/threat-intelligence/google-continued-disruption-residential-proxy-networks/,linked_ioc_page
2026/07/02,Domain,cool-horizon[.]com,"Threat Intel, Vulnerability, Malware, APT, Cloud, DDoS, Mobile, Network, Threat Actor, Android",Google Cloud Threat Intelligence,Google’s Continued Disruption of Malicious Residential Proxy Networks (https://cloud.google.com/blog/topics/threat-intelligence/google-continued-disruption-residential-proxy-networks/),https://cloud.google.com/blog/topics/threat-intelligence/google-continued-disruption-residential-proxy-networks/,linked_ioc_page
2026/07/02,Domain,byte-buff[.]com,"Threat Intel, Vulnerability, Malware, APT, Cloud, DDoS, Mobile, Network, Threat Actor, Android",Google Cloud Threat Intelligence,Google’s Continued Disruption of Malicious Residential Proxy Networks (https://cloud.google.com/blog/topics/threat-intelligence/google-continued-disruption-residential-proxy-networks/),https://cloud.google.com/blog/topics/threat-intelligence/google-continued-disruption-residential-proxy-networks/,linked_ioc_page
2026/07/02,Domain,byte-armor[.]com,"Threat Intel, Vulnerability, Malware, APT, Cloud, DDoS, Mobile, Network, Threat Actor, Android",Google Cloud Threat Intelligence,Google’s Continued Disruption of Malicious Residential Proxy Networks (https://cloud.google.com/blog/topics/threat-intelligence/google-continued-disruption-residential-proxy-networks/),https://cloud.google.com/blog/topics/threat-intelligence/google-continued-disruption-residential-proxy-networks/,linked_ioc_page
2026/07/02,Domain,api[.]vpns[.]robovpn[.]com,"Threat Intel, Vulnerability, Malware, APT, Cloud, DDoS, Mobile, Network, Threat Actor, Android",Google Cloud Threat Intelligence,Google’s Continued Disruption of Malicious Residential Proxy Networks (https://cloud.google.com/blog/topics/threat-intelligence/google-continued-disruption-residential-proxy-networks/),https://cloud.google.com/blog/topics/threat-intelligence/google-continued-disruption-residential-proxy-networks/,linked_ioc_page
2026/07/02,Domain,121-215-190-186[.]clients[.]gthost[.]com,"Threat Intel, Vulnerability, Malware, APT, Cloud, DDoS, Mobile, Network, Threat Actor, Android",Google Cloud Threat Intelligence,Google’s Continued Disruption of Malicious Residential Proxy Networks (https://cloud.google.com/blog/topics/threat-intelligence/google-continued-disruption-residential-proxy-networks/),https://cloud.google.com/blog/topics/threat-intelligence/google-continued-disruption-residential-proxy-networks/,linked_ioc_page
